(1150,'36604865'),
(1151,'36611969'),
(1152,'3661609'),
(1153,'366325355'),
(1154,'366324555'),
(1155,'366322755'),
(1156,'366246180'),
(1157,'3662119180'),
(1158,'36621237'),
(1159,'3662467'),
(1160,'36621057'),
(1161,'36623157'),
(1162,'36629257'),
(1163,'36625957'),
(1164,'366225157'),
(1165,'36624657'),
(1166,'36626027'),
(1167,'366221627'),
(1168,'366210327'),
(1169,'366221027'),
(1170,'366210127'),
(1171,'366322339'),
(1172,'366315439'),
(1173,'366322831'),
(1174,'366312831'),
(1175,'36626020'),
(1176,'36624620'),
(1177,'366220120'),
(1178,'36628442'),
(1179,'36625942'),
(1180,'366213942'),
(1181,'366210942'),
(1182,'36625442'),
(1183,'366211642'),
(1184,'36625542'),
(1185,'366211542'),
(1186,'366211442'),
(1187,'366210042'),
(1188,'36629442'),
(1189,'366213842'),
(1190,'366323740'),
(1191,'366315440'),
(1192,'366224826'),
(1193,'36624626'),
(1194,'366212026'),
(1195,'366013013'),
(1196,'36604813'),
(1197,'366311061'),
(1198,'366322861'),
(1199,'36605958'),
(1200,'366013158'),
(1201,'36604858'),
(1202,'36632348'),
(1203,'36631858'),
(1204,'36631848'),
(1205,'36631868'),
(1206,'36632338'),
(1207,'36631548'),
(1208,'366210532'),
(1209,'36624632'),
(1210,'366222832'),
(1211,'366212332'),
(1212,'366324019'),
(1213,'366320919'),
(1214,'366315419'),
(1215,'366322821'),
(1216,'36632121'),
(1217,'366310121'),
(1218,'366324041'),
(1219,'366316941'),
(1220,'36632841'),
(1221,'36634641'),
(1222,'36625924'),
(1223,'36622224'),
(1224,'366215424'),
(1225,'366215433'),
(1226,'3662482'),
(1227,'3662602'),
(1228,'36622092'),
(1229,'366222862'),
(1230,'366221762'),
(1231,'366210362'),
(1232,'366213362'),
(1233,'366211762'),
(1234,'366224850'),
(1235,'36624650'),
(1236,'366222850'),
(1237,'366212350'),
(1238,'36635911'),
(1239,'366313711'),
(1240,'366315411'),
(1241,'366222828'),
(1242,'366214028'),
(1243,'366215428'),
(1244,'36607347'),
(1245,'3662605'),
(1246,'36621035'),
(1247,'36622155'),
(1248,'36622125'),
(1249,'36622135'),
(1250,'36621345'),
(1251,'36622095'),
(1252,'36616016'),
(1253,'36619916'),
(1254,'366119716'),
(1255,'366124359'),
(1256,'366119659'),
(1257,'36628934'),
(1258,'36628734'),
(1259,'366212934'),
(1260,'36627334'),
(1261,'36624634'),
(1262,'366324252'),
(1263,'366315452'),
(1264,'36622480'),
(1265,'36621050'),
(1266,'36621230'),
(1267,'3662460'),
(1268,'36634864'),
(1269,'366018964'),
(1270,'366321849'),
(1271,'36626022'),
(1272,'366221522'),
(1273,'366210122'),
(1274,'36625922'),
(1275,'366010637'),
(1276,'366324023'),
(1277,'366321423'),
(1278,'366315423'),
(1279,'3662606'),
(1280,'36622116'),
(1281,'36621016'),
(1282,'366023235'),
(1283,'366013035'),
(1284,'36604835'),
(1285,'366013036'),
(1286,'366010936'),
(1287,'36604836'),
(1288,'366119151'),
(1289,'366119651'),
(1290,'36616051'),
(1291,'36614851'),
(1292,'36613351'),
(1293,'366012630'),
(1294,'366018230'),
(1295,'366215043'),
